{
  "Aalhad": {
    "created": 1774296643.5716212,
    "last_active": 1774296643.5716212,
    "projects": [],
    "results": null
  }
}